{"a":[],"e":[],"f":[],"m":"Stork","stable":["/Users/nickmolargik/Developer/Stork/skipapp-stork/Sources/Stork/AppStateControllerView.swift","/Users/nickmolargik/Developer/Stork/skipapp-stork/Sources/Stork/Main/MainView.swift","/Users/nickmolargik/Developer/Stork/skipapp-stork/Sources/Stork/Main/Tab.swift","/Users/nickmolargik/Developer/Stork/skipapp-stork/Sources/Stork/Muster/MusterViewModel.swift","/Users/nickmolargik/Developer/Stork/skipapp-stork/Sources/Stork/Profile/ProfileViewModel.swift","/Users/nickmolargik/Developer/Stork/skipapp-stork/Sources/Stork/Stork.swift","/Users/nickmolargik/Developer/Stork/skipapp-stork/Sources/Stork/StorkApp.swift","/Users/nickmolargik/Developer/Stork/skipapp-stork/Sources/Stork/Graphs/JarView.swift"],"t":[{"a":{"a":[]},"f":{"o":0,"t":{"none":{}}},"g":{"e":[]},"i":[{"named":{"_0":"View","_1":[]}}],"m":"Stork","ma":[],"mc":[],"mf":[{"a":{"a":[]},"d":{"named":{"_0":"AppStateControllerView","_1":[]}},"g":{"e":[]},"gen":false,"m":"Stork","mut":false,"n":"init","s":{"function":{"_0":[{"hasDefaultValue":true,"isInOut":false,"isVariadic":false,"isVariadicContinuation":false,"label":"deliveryRepository","type":{"named":{"_0":"DeliveryRepositoryInterface","_1":[]}}},{"hasDefaultValue":true,"isInOut":false,"isVariadic":false,"isVariadicContinuation":false,"label":"hospitalRepository","type":{"named":{"_0":"HospitalRepositoryInterface","_1":[]}}},{"hasDefaultValue":true,"isInOut":false,"isVariadic":false,"isVariadicContinuation":false,"label":"profileRepository","type":{"named":{"_0":"ProfileRepositoryInterface","_1":[]}}},{"hasDefaultValue":true,"isInOut":false,"isVariadic":false,"isVariadicContinuation":false,"label":"musterRepository","type":{"named":{"_0":"MusterRepositoryInterface","_1":[]}}},{"hasDefaultValue":true,"isInOut":false,"isVariadic":false,"isVariadicContinuation":false,"label":"locationProvider","type":{"named":{"_0":"LocationProviderInterface","_1":[]}}}],"_1":{"named":{"_0":"AppStateControllerView","_1":[]}},"_2":{"o":0,"t":{"none":{}}}}},"sid":0,"t":{"initDeclaration":{}},"v":{"available":{}},"z":{"f":false,"l":false,"m":false,"n":false,"o":false,"s":false,"sv":{"default":{}},"v":{"public":{}}}}],"ms":[],"mt":[],"mv":[{"a":{"a":[]},"d":{"named":{"_0":"AppStateControllerView","_1":[]}},"f":{"o":132,"t":{"none":{}}},"gen":false,"init":false,"m":"Stork","n":"body","s":{"existential":{"_0":{"some":{}},"_1":{"named":{"_0":"View","_1":[]}}}},"sid":0,"v":{"available":{}},"val":false,"z":{"f":false,"l":false,"m":false,"n":false,"o":false,"s":false,"sv":{"default":{}},"v":{"public":{}}}}],"n":"AppStateControllerView","s":{"named":{"_0":"AppStateControllerView","_1":[]}},"sid":0,"t":{"structDeclaration":{}},"v":{"available":{}},"z":{"f":false,"l":false,"m":false,"n":false,"o":false,"s":false,"sv":{"default":{}},"v":{"public":{}}}},{"a":{"a":[]},"f":{"o":0,"t":{"none":{}}},"g":{"e":[]},"i":[{"named":{"_0":"View","_1":[]}}],"m":"Stork","ma":[],"mc":[],"mf":[{"a":{"a":[]},"d":{"named":{"_0":"MainView","_1":[]}},"g":{"e":[]},"gen":true,"m":"Stork","mut":false,"n":"init","s":{"function":{"_0":[{"hasDefaultValue":true,"isInOut":false,"isVariadic":false,"isVariadicContinuation":false,"label":"errorMessage","type":{"string":{}}},{"hasDefaultValue":true,"isInOut":false,"isVariadic":false,"isVariadicContinuation":false,"label":"selectedTab","type":{"named":{"_0":"Tab","_1":[]}}},{"hasDefaultValue":false,"isInOut":false,"isVariadic":false,"isVariadicContinuation":false,"label":"colorScheme","type":{"named":{"_0":"ColorScheme","_1":[]}}},{"hasDefaultValue":false,"isInOut":false,"isVariadic":false,"isVariadicContinuation":false,"label":"profileViewModel","type":{"named":{"_0":"ProfileViewModel","_1":[]}}},{"hasDefaultValue":false,"isInOut":false,"isVariadic":false,"isVariadicContinuation":false,"label":"deliveryViewModel","type":{"named":{"_0":"DeliveryViewModel","_1":[]}}},{"hasDefaultValue":false,"isInOut":false,"isVariadic":false,"isVariadicContinuation":false,"label":"hospitalViewModel","type":{"named":{"_0":"HospitalViewModel","_1":[]}}},{"hasDefaultValue":false,"isInOut":false,"isVariadic":false,"isVariadicContinuation":false,"label":"musterViewModel","type":{"named":{"_0":"MusterViewModel","_1":[]}}},{"hasDefaultValue":true,"isInOut":false,"isVariadic":false,"isVariadicContinuation":false,"label":"navigationPath","type":{"array":{"_0":{"string":{}}}}},{"hasDefaultValue":true,"isInOut":false,"isVariadic":false,"isVariadicContinuation":false,"label":"showingDeliveryAddition","type":{"bool":{}}}],"_1":{"named":{"_0":"MainView","_1":[]}},"_2":{"o":0,"t":{"none":{}}}}},"sid":1,"t":{"initDeclaration":{}},"v":{"available":{}},"z":{"f":false,"l":false,"m":false,"n":false,"o":false,"s":false,"sv":{"default":{}},"v":{"public":{}}}}],"ms":[],"mt":[],"mv":[{"a":{"a":[]},"d":{"named":{"_0":"MainView","_1":[]}},"f":{"o":132,"t":{"none":{}}},"gen":false,"init":false,"m":"Stork","n":"body","s":{"existential":{"_0":{"some":{}},"_1":{"named":{"_0":"View","_1":[]}}}},"sid":1,"v":{"available":{}},"val":false,"z":{"f":false,"l":false,"m":false,"n":false,"o":false,"s":false,"sv":{"default":{}},"v":{"public":{}}}}],"n":"MainView","s":{"named":{"_0":"MainView","_1":[]}},"sid":1,"t":{"structDeclaration":{}},"v":{"available":{}},"z":{"f":false,"l":false,"m":false,"n":false,"o":false,"s":false,"sv":{"default":{}},"v":{"public":{}}}},{"a":{"a":[]},"f":{"o":0,"t":{"none":{}}},"g":{"e":[]},"i":[{"string":{}},{"named":{"_0":"Hashable","_1":[]}},{"named":{"_0":"RawRepresentable","_1":[{"string":{}}]}}],"m":"Stork","ma":[],"mc":[{"a":{"a":[]},"d":{"named":{"_0":"Tab","_1":[]}},"m":"Stork","n":"home","s":{"named":{"_0":"Tab","_1":[]}},"v":{"available":{}},"z":{"f":false,"l":false,"m":false,"n":false,"o":false,"s":false,"sv":{"default":{}},"v":{"public":{}}}},{"a":{"a":[]},"d":{"named":{"_0":"Tab","_1":[]}},"m":"Stork","n":"deliveries","s":{"named":{"_0":"Tab","_1":[]}},"v":{"available":{}},"z":{"f":false,"l":false,"m":false,"n":false,"o":false,"s":false,"sv":{"default":{}},"v":{"public":{}}}},{"a":{"a":[]},"d":{"named":{"_0":"Tab","_1":[]}},"m":"Stork","n":"hospitals","s":{"named":{"_0":"Tab","_1":[]}},"v":{"available":{}},"z":{"f":false,"l":false,"m":false,"n":false,"o":false,"s":false,"sv":{"default":{}},"v":{"public":{}}}},{"a":{"a":[]},"d":{"named":{"_0":"Tab","_1":[]}},"m":"Stork","n":"muster","s":{"named":{"_0":"Tab","_1":[]}},"v":{"available":{}},"z":{"f":false,"l":false,"m":false,"n":false,"o":false,"s":false,"sv":{"default":{}},"v":{"public":{}}}},{"a":{"a":[]},"d":{"named":{"_0":"Tab","_1":[]}},"m":"Stork","n":"settings","s":{"named":{"_0":"Tab","_1":[]}},"v":{"available":{}},"z":{"f":false,"l":false,"m":false,"n":false,"o":false,"s":false,"sv":{"default":{}},"v":{"public":{}}}}],"mf":[],"ms":[],"mt":[],"mv":[{"a":{"a":[]},"d":{"named":{"_0":"Tab","_1":[]}},"f":{"o":0,"t":{"none":{}}},"gen":true,"init":false,"m":"Stork","n":"rawValue","s":{"string":{}},"sid":2,"v":{"available":{}},"val":false,"z":{"f":false,"l":false,"m":false,"n":false,"o":false,"s":false,"sv":{"default":{}},"v":{"public":{}}}}],"n":"Tab","s":{"named":{"_0":"Tab","_1":[]}},"sid":2,"t":{"enumDeclaration":{}},"v":{"available":{}},"z":{"f":false,"l":false,"m":false,"n":false,"o":false,"s":false,"sv":{"default":{}},"v":{"public":{}}}},{"a":{"a":[{"s":{"named":{"_0":"MainActor","_1":[]}},"t":[]}]},"f":{"o":4,"t":{"none":{}}},"g":{"e":[]},"i":[{"named":{"_0":"ObservableObject","_1":[]}}],"m":"Stork","ma":[],"mc":[],"mf":[{"a":{"a":[]},"d":{"named":{"_0":"MusterViewModel","_1":[]}},"g":{"e":[]},"gen":false,"m":"Stork","mut":false,"n":"init","s":{"function":{"_0":[{"hasDefaultValue":false,"isInOut":false,"isVariadic":false,"isVariadicContinuation":false,"label":"musterRepository","type":{"named":{"_0":"MusterRepositoryInterface","_1":[]}}}],"_1":{"named":{"_0":"MusterViewModel","_1":[]}},"_2":{"o":4,"t":{"none":{}}}}},"sid":3,"t":{"initDeclaration":{}},"v":{"available":{}},"z":{"f":false,"l":false,"m":false,"n":false,"o":false,"s":false,"sv":{"default":{}},"v":{"public":{}}}}],"ms":[],"mt":[],"mv":[],"n":"MusterViewModel","s":{"named":{"_0":"MusterViewModel","_1":[]}},"sid":3,"t":{"classDeclaration":{}},"v":{"available":{}},"z":{"f":false,"l":false,"m":false,"n":false,"o":false,"s":false,"sv":{"default":{}},"v":{"public":{}}}},{"a":{"a":[]},"f":{"o":0,"t":{"none":{}}},"g":{"e":[]},"i":[{"named":{"_0":"ObservableObject","_1":[]}}],"m":"Stork","ma":[],"mc":[],"mf":[{"a":{"a":[{"s":{"named":{"_0":"MainActor","_1":[]}},"t":[]}]},"d":{"named":{"_0":"ProfileViewModel","_1":[]}},"g":{"e":[]},"gen":false,"m":"Stork","mut":false,"n":"init","s":{"function":{"_0":[{"hasDefaultValue":false,"isInOut":false,"isVariadic":false,"isVariadicContinuation":false,"label":"profileRepository","type":{"named":{"_0":"ProfileRepositoryInterface","_1":[]}}}],"_1":{"named":{"_0":"ProfileViewModel","_1":[]}},"_2":{"o":4,"t":{"none":{}}}}},"sid":4,"t":{"initDeclaration":{}},"v":{"available":{}},"z":{"f":false,"l":false,"m":false,"n":false,"o":false,"s":false,"sv":{"default":{}},"v":{"public":{}}}},{"a":{"a":[{"s":{"named":{"_0":"MainActor","_1":[]}},"t":[]}]},"d":{"named":{"_0":"ProfileViewModel","_1":[]}},"g":{"e":[]},"gen":false,"m":"Stork","mut":false,"n":"fetchCurrentProfile","s":{"function":{"_0":[],"_1":{"void":{}},"_2":{"o":13,"t":{"any":{}}}}},"sid":4,"t":{"functionDeclaration":{}},"v":{"available":{}},"z":{"f":false,"l":false,"m":false,"n":false,"o":false,"s":false,"sv":{"default":{}},"v":{"public":{}}}},{"a":{"a":[{"s":{"named":{"_0":"MainActor","_1":[]}},"t":[]}]},"d":{"named":{"_0":"ProfileViewModel","_1":[]}},"g":{"e":[]},"gen":false,"m":"Stork","mut":false,"n":"registerWithEmail","s":{"function":{"_0":[],"_1":{"void":{}},"_2":{"o":13,"t":{"any":{}}}}},"sid":4,"t":{"functionDeclaration":{}},"v":{"available":{}},"z":{"f":false,"l":false,"m":false,"n":false,"o":false,"s":false,"sv":{"default":{}},"v":{"public":{}}}},{"a":{"a":[{"s":{"named":{"_0":"MainActor","_1":[]}},"t":[]}]},"d":{"named":{"_0":"ProfileViewModel","_1":[]}},"g":{"e":[]},"gen":false,"m":"Stork","mut":false,"n":"listProfiles","s":{"function":{"_0":[{"hasDefaultValue":true,"isInOut":false,"isVariadic":false,"isVariadicContinuation":false,"label":"id","type":{"optional":{"_0":{"string":{}}}}},{"hasDefaultValue":true,"isInOut":false,"isVariadic":false,"isVariadicContinuation":false,"label":"firstName","type":{"optional":{"_0":{"string":{}}}}},{"hasDefaultValue":true,"isInOut":false,"isVariadic":false,"isVariadicContinuation":false,"label":"lastName","type":{"optional":{"_0":{"string":{}}}}},{"hasDefaultValue":true,"isInOut":false,"isVariadic":false,"isVariadicContinuation":false,"label":"email","type":{"optional":{"_0":{"string":{}}}}},{"hasDefaultValue":true,"isInOut":false,"isVariadic":false,"isVariadicContinuation":false,"label":"birthday","type":{"optional":{"_0":{"named":{"_0":"Date","_1":[]}}}}},{"hasDefaultValue":true,"isInOut":false,"isVariadic":false,"isVariadicContinuation":false,"label":"role","type":{"optional":{"_0":{"named":{"_0":"ProfileRole","_1":[]}}}}},{"hasDefaultValue":true,"isInOut":false,"isVariadic":false,"isVariadicContinuation":false,"label":"primaryHospital","type":{"optional":{"_0":{"string":{}}}}},{"hasDefaultValue":true,"isInOut":false,"isVariadic":false,"isVariadicContinuation":false,"label":"joinDate","type":{"optional":{"_0":{"named":{"_0":"Date","_1":[]}}}}},{"hasDefaultValue":true,"isInOut":false,"isVariadic":false,"isVariadicContinuation":false,"label":"musterId","type":{"optional":{"_0":{"string":{}}}}}],"_1":{"array":{"_0":{"named":{"_0":"Profile","_1":[]}}}},"_2":{"o":13,"t":{"any":{}}}}},"sid":4,"t":{"functionDeclaration":{}},"v":{"available":{}},"z":{"f":false,"l":false,"m":false,"n":false,"o":false,"s":false,"sv":{"default":{}},"v":{"public":{}}}},{"a":{"a":[{"s":{"named":{"_0":"MainActor","_1":[]}},"t":[]}]},"d":{"named":{"_0":"ProfileViewModel","_1":[]}},"g":{"e":[]},"gen":false,"m":"Stork","mut":false,"n":"signInWithEmail","s":{"function":{"_0":[],"_1":{"void":{}},"_2":{"o":13,"t":{"any":{}}}}},"sid":4,"t":{"functionDeclaration":{}},"v":{"available":{}},"z":{"f":false,"l":false,"m":false,"n":false,"o":false,"s":false,"sv":{"default":{}},"v":{"public":{}}}},{"a":{"a":[{"s":{"named":{"_0":"MainActor","_1":[]}},"t":[]}]},"d":{"named":{"_0":"ProfileViewModel","_1":[]}},"g":{"e":[]},"gen":false,"m":"Stork","mut":false,"n":"sendPasswordReset","s":{"function":{"_0":[],"_1":{"void":{}},"_2":{"o":13,"t":{"any":{}}}}},"sid":4,"t":{"functionDeclaration":{}},"v":{"available":{}},"z":{"f":false,"l":false,"m":false,"n":false,"o":false,"s":false,"sv":{"default":{}},"v":{"public":{}}}},{"a":{"a":[{"s":{"named":{"_0":"MainActor","_1":[]}},"t":[]}]},"d":{"named":{"_0":"ProfileViewModel","_1":[]}},"g":{"e":[]},"gen":false,"m":"Stork","mut":false,"n":"updateProfile","s":{"function":{"_0":[],"_1":{"void":{}},"_2":{"o":13,"t":{"any":{}}}}},"sid":4,"t":{"functionDeclaration":{}},"v":{"available":{}},"z":{"f":false,"l":false,"m":false,"n":false,"o":false,"s":false,"sv":{"default":{}},"v":{"public":{}}}},{"a":{"a":[{"s":{"named":{"_0":"MainActor","_1":[]}},"t":[]}]},"d":{"named":{"_0":"ProfileViewModel","_1":[]}},"g":{"e":[]},"gen":false,"m":"Stork","mut":false,"n":"updateProfileAdminStatus","s":{"function":{"_0":[{"hasDefaultValue":false,"isInOut":false,"isVariadic":false,"isVariadicContinuation":false,"label":"profile","type":{"named":{"_0":"Profile","_1":[]}}}],"_1":{"void":{}},"_2":{"o":13,"t":{"any":{}}}}},"sid":4,"t":{"functionDeclaration":{}},"v":{"available":{}},"z":{"f":false,"l":false,"m":false,"n":false,"o":false,"s":false,"sv":{"default":{}},"v":{"public":{}}}},{"a":{"a":[{"s":{"named":{"_0":"MainActor","_1":[]}},"t":[]}]},"d":{"named":{"_0":"ProfileViewModel","_1":[]}},"g":{"e":[]},"gen":false,"m":"Stork","mut":false,"n":"deleteProfile","s":{"function":{"_0":[{"hasDefaultValue":false,"isInOut":false,"isVariadic":false,"isVariadicContinuation":false,"label":"password","type":{"string":{}}}],"_1":{"void":{}},"_2":{"o":13,"t":{"any":{}}}}},"sid":4,"t":{"functionDeclaration":{}},"v":{"available":{}},"z":{"f":false,"l":false,"m":false,"n":false,"o":false,"s":false,"sv":{"default":{}},"v":{"public":{}}}},{"a":{"a":[{"s":{"named":{"_0":"MainActor","_1":[]}},"t":[]}]},"d":{"named":{"_0":"ProfileViewModel","_1":[]}},"g":{"e":[]},"gen":false,"m":"Stork","mut":false,"n":"signOut","s":{"function":{"_0":[],"_1":{"void":{}},"_2":{"o":4,"t":{"none":{}}}}},"sid":4,"t":{"functionDeclaration":{}},"v":{"available":{}},"z":{"f":false,"l":false,"m":false,"n":false,"o":false,"s":false,"sv":{"default":{}},"v":{"public":{}}}}],"ms":[],"mt":[],"mv":[],"n":"ProfileViewModel","s":{"named":{"_0":"ProfileViewModel","_1":[]}},"sid":4,"t":{"classDeclaration":{}},"v":{"available":{}},"z":{"f":false,"l":false,"m":false,"n":false,"o":false,"s":false,"sv":{"default":{}},"v":{"public":{}}}},{"a":{"a":[]},"f":{"o":0,"t":{"none":{}}},"g":{"e":[]},"i":[],"m":"Stork","ma":[],"mc":[],"mf":[{"a":{"a":[]},"d":{"named":{"_0":"StorkModule","_1":[]}},"g":{"e":[]},"gen":true,"m":"Stork","mut":false,"n":"init","s":{"function":{"_0":[],"_1":{"named":{"_0":"StorkModule","_1":[]}},"_2":{"o":0,"t":{"none":{}}}}},"sid":5,"t":{"initDeclaration":{}},"v":{"available":{}},"z":{"f":false,"l":false,"m":false,"n":false,"o":false,"s":false,"sv":{"default":{}},"v":{"public":{}}}}],"ms":[],"mt":[],"mv":[],"n":"StorkModule","s":{"named":{"_0":"StorkModule","_1":[]}},"sid":5,"t":{"classDeclaration":{}},"v":{"available":{}},"z":{"f":false,"l":false,"m":false,"n":false,"o":false,"s":false,"sv":{"default":{}},"v":{"public":{}}}},{"a":{"a":[]},"f":{"o":0,"t":{"none":{}}},"g":{"e":[]},"i":[{"named":{"_0":"View","_1":[]}}],"m":"Stork","ma":[],"mc":[],"mf":[{"a":{"a":[]},"d":{"named":{"_0":"RootView","_1":[]}},"g":{"e":[]},"gen":false,"m":"Stork","mut":false,"n":"init","s":{"function":{"_0":[],"_1":{"named":{"_0":"RootView","_1":[]}},"_2":{"o":0,"t":{"none":{}}}}},"sid":6,"t":{"initDeclaration":{}},"v":{"available":{}},"z":{"f":false,"l":false,"m":false,"n":false,"o":false,"s":false,"sv":{"default":{}},"v":{"public":{}}}}],"ms":[],"mt":[],"mv":[{"a":{"a":[]},"d":{"named":{"_0":"RootView","_1":[]}},"f":{"o":132,"t":{"none":{}}},"gen":false,"init":false,"m":"Stork","n":"body","s":{"existential":{"_0":{"some":{}},"_1":{"named":{"_0":"View","_1":[]}}}},"sid":6,"v":{"available":{}},"val":false,"z":{"f":false,"l":false,"m":false,"n":false,"o":false,"s":false,"sv":{"default":{}},"v":{"public":{}}}}],"n":"RootView","s":{"named":{"_0":"RootView","_1":[]}},"sid":6,"t":{"structDeclaration":{}},"v":{"available":{}},"z":{"f":false,"l":false,"m":false,"n":false,"o":false,"s":false,"sv":{"default":{}},"v":{"public":{}}}}],"v":[]}